{"text_lines": [{"x0": 229.0, "y0": 298.0, "x1": 264.0, "y1": 298.0, "x2": 264.0, "y2": 314.0, "x3": 228.0, "y3": 314.0, "score": 0.31080737709999084}, {"x0": 225.0, "y0": 347.0, "x1": 263.0, "y1": 346.0, "x2": 264.0, "y2": 357.0, "x3": 225.0, "y3": 358.0, "score": 0.20710445940494537}, {"x0": 286.0, "y0": 346.0, "x1": 306.0, "y1": 346.0, "x2": 306.0, "y2": 357.0, "x3": 286.0, "y3": 357.0, "score": 0.15010476112365723}, {"x0": 263.0, "y0": 346.0, "x1": 286.0, "y1": 346.0, "x2": 286.0, "y2": 357.0, "x3": 263.0, "y3": 358.0, "score": 0.14450378715991974}], "rtparams": {"start_time": "2020-04-08T21:32:28.305608", "image_size": "544x1152", "working_size": "544x1152"}, "timing": {"net": 1.5069637298583984, "restore": 0.00037550926208496094, "nms": 0.0006501674652099609, "overall": 1.5088844299316406}, "cpuinfo": "processor\t: 0\nvendor_id\t: GenuineIntel\ncpu family\t: 6\nmodel\t\t: 158\nmodel name\t: Intel(R) Core(TM) i9-9880H CPU @ 2.30GHz\nstepping\t: 13\ncpu MHz\t\t: 2303.998\ncache size\t: 16384 KB\nphysical id\t: 0\nsiblings\t: 1\ncore id\t\t: 0\ncpu cores\t: 1\napicid\t\t: 0\ninitial apicid\t: 0\nfpu\t\t: yes\nfpu_exception\t: yes\ncpuid level\t: 22\nwp\t\t: yes\nflags\t\t: fpu vme de pse tsc msr pae mce cx8 apic sep mtrr pge mca cmov pat pse36 clflush mmx fxsr sse sse2 ht syscall nx rdtscp lm constant_tsc rep_good nopl xtopology nonstop_tsc cpuid tsc_known_freq pni pclmulqdq monitor ssse3 cx16 pcid sse4_1 sse4_2 x2apic movbe popcnt aes xsave avx rdrand hypervisor lahf_lm abm 3dnowprefetch invpcid_single pti fsgsbase avx2 invpcid rdseed clflushopt md_clear flush_l1d arch_capabilities\nbugs\t\t: cpu_meltdown spectre_v1 spectre_v2 spec_store_bypass l1tf mds swapgs itlb_multihit\nbogomips\t: 4607.99\nclflush size\t: 64\ncache_alignment\t: 64\naddress sizes\t: 39 bits physical, 48 bits virtual\npower management:\n\n", "meminfo": "MemTotal:        4030904 kB\nMemFree:          908724 kB\nMemAvailable:    1917464 kB\nBuffers:          170260 kB\nCached:          1018684 kB\nSwapCached:         2984 kB\nActive:          1807116 kB\nInactive:         948360 kB\nActive(anon):    1069740 kB\nInactive(anon):   546776 kB\nActive(file):     737376 kB\nInactive(file):   401584 kB\nUnevictable:          16 kB\nMlocked:              16 kB\nSwapTotal:       1459804 kB\nSwapFree:        1381724 kB\nDirty:              1272 kB\nWriteback:             0 kB\nAnonPages:       1564992 kB\nMapped:           298336 kB\nShmem:             49984 kB\nKReclaimable:     158004 kB\nSlab:             219608 kB\nSReclaimable:     158004 kB\nSUnreclaim:        61604 kB\nKernelStack:        9104 kB\nPageTables:        45612 kB\nNFS_Unstable:          0 kB\nBounce:                0 kB\nWritebackTmp:          0 kB\nCommitLimit:     3475256 kB\nCommitted_AS:    5611444 kB\nVmallocTotal:   34359738367 kB\nVmallocUsed:       43944 kB\nVmallocChunk:          0 kB\nPercpu:              760 kB\nHardwareCorrupted:     0 kB\nAnonHugePages:      4096 kB\nShmemHugePages:        0 kB\nShmemPmdMapped:        0 kB\nCmaTotal:              0 kB\nCmaFree:               0 kB\nHugePages_Total:       0\nHugePages_Free:        0\nHugePages_Rsvd:        0\nHugePages_Surp:        0\nHugepagesize:       2048 kB\nHugetlb:               0 kB\nDirectMap4k:      198592 kB\nDirectMap2M:     3995648 kB\n", "loadavg": "0.65 0.52 0.56 2/569 29777\n"}