{"text_lines": [{"x0": 143.0, "y0": 267.0, "x1": 194.0, "y1": 261.0, "x2": 196.0, "y2": 275.0, "x3": 144.0, "y3": 281.0, "score": 0.3150836229324341}, {"x0": 169.0, "y0": 250.0, "x1": 212.0, "y1": 245.0, "x2": 214.0, "y2": 258.0, "x3": 171.0, "y3": 263.0, "score": 0.3334096670150757}, {"x0": 134.0, "y0": 206.0, "x1": 165.0, "y1": 202.0, "x2": 167.0, "y2": 215.0, "x3": 136.0, "y3": 219.0, "score": 0.3086859881877899}, {"x0": 139.0, "y0": 253.0, "x1": 166.0, "y1": 250.0, "x2": 168.0, "y2": 263.0, "x3": 140.0, "y3": 266.0, "score": 0.24490158259868622}], "rtparams": {"start_time": "2020-04-08T21:31:55.545126", "image_size": "544x1152", "working_size": "544x1152"}, "timing": {"net": 1.476858139038086, "restore": 0.0003147125244140625, "nms": 0.0006613731384277344, "overall": 1.4786043167114258}, "cpuinfo": "processor\t: 0\nvendor_id\t: GenuineIntel\ncpu family\t: 6\nmodel\t\t: 158\nmodel name\t: Intel(R) Core(TM) i9-9880H CPU @ 2.30GHz\nstepping\t: 13\ncpu MHz\t\t: 2303.998\ncache size\t: 16384 KB\nphysical id\t: 0\nsiblings\t: 1\ncore id\t\t: 0\ncpu cores\t: 1\napicid\t\t: 0\ninitial apicid\t: 0\nfpu\t\t: yes\nfpu_exception\t: yes\ncpuid level\t: 22\nwp\t\t: yes\nflags\t\t: fpu vme de pse tsc msr pae mce cx8 apic sep mtrr pge mca cmov pat pse36 clflush mmx fxsr sse sse2 ht syscall nx rdtscp lm constant_tsc rep_good nopl xtopology nonstop_tsc cpuid tsc_known_freq pni pclmulqdq monitor ssse3 cx16 pcid sse4_1 sse4_2 x2apic movbe popcnt aes xsave avx rdrand hypervisor lahf_lm abm 3dnowprefetch invpcid_single pti fsgsbase avx2 invpcid rdseed clflushopt md_clear flush_l1d arch_capabilities\nbugs\t\t: cpu_meltdown spectre_v1 spectre_v2 spec_store_bypass l1tf mds swapgs itlb_multihit\nbogomips\t: 4607.99\nclflush size\t: 64\ncache_alignment\t: 64\naddress sizes\t: 39 bits physical, 48 bits virtual\npower management:\n\n", "meminfo": "MemTotal:        4030904 kB\nMemFree:          880732 kB\nMemAvailable:    1888228 kB\nBuffers:          170228 kB\nCached:          1017472 kB\nSwapCached:         2984 kB\nActive:          1835728 kB\nInactive:         947792 kB\nActive(anon):    1099028 kB\nInactive(anon):   546776 kB\nActive(file):     736700 kB\nInactive(file):   401016 kB\nUnevictable:          16 kB\nMlocked:              16 kB\nSwapTotal:       1459804 kB\nSwapFree:        1381724 kB\nDirty:               604 kB\nWriteback:             0 kB\nAnonPages:       1594252 kB\nMapped:           298996 kB\nShmem:             49984 kB\nKReclaimable:     158004 kB\nSlab:             219600 kB\nSReclaimable:     158004 kB\nSUnreclaim:        61596 kB\nKernelStack:        9104 kB\nPageTables:        45740 kB\nNFS_Unstable:          0 kB\nBounce:                0 kB\nWritebackTmp:          0 kB\nCommitLimit:     3475256 kB\nCommitted_AS:    5611364 kB\nVmallocTotal:   34359738367 kB\nVmallocUsed:       43944 kB\nVmallocChunk:          0 kB\nPercpu:              760 kB\nHardwareCorrupted:     0 kB\nAnonHugePages:      6144 kB\nShmemHugePages:        0 kB\nShmemPmdMapped:        0 kB\nCmaTotal:              0 kB\nCmaFree:               0 kB\nHugePages_Total:       0\nHugePages_Free:        0\nHugePages_Rsvd:        0\nHugePages_Surp:        0\nHugepagesize:       2048 kB\nHugetlb:               0 kB\nDirectMap4k:      198592 kB\nDirectMap2M:     3995648 kB\n", "loadavg": "0.58 0.50 0.56 2/569 29731\n"}