{"text_lines": [{"x0": 1144.0, "y0": 1166.0, "x1": 1720.0, "y1": 1162.0, "x2": 1721.0, "y2": 1275.0, "x3": 1145.0, "y3": 1278.0, "score": 0.3851567208766937}, {"x0": 1162.0, "y0": 1012.0, "x1": 1721.0, "y1": 1009.0, "x2": 1722.0, "y2": 1120.0, "x3": 1163.0, "y3": 1123.0, "score": 0.3808515965938568}, {"x0": 1020.0, "y0": 642.0, "x1": 1325.0, "y1": 641.0, "x2": 1325.0, "y2": 760.0, "x3": 1021.0, "y3": 762.0, "score": 0.3015952408313751}, {"x0": 1036.0, "y0": 1321.0, "x1": 1310.0, "y1": 1320.0, "x2": 1311.0, "y2": 1428.0, "x3": 1037.0, "y3": 1430.0, "score": 0.28867819905281067}], "rtparams": {"start_time": "2020-04-08T21:32:43.941774", "image_size": "3264x2448", "working_size": "2400x1760"}, "timing": {"net": 9.473615884780884, "restore": 0.0016951560974121094, "nms": 0.00857853889465332, "overall": 9.502087116241455}, "cpuinfo": "processor\t: 0\nvendor_id\t: GenuineIntel\ncpu family\t: 6\nmodel\t\t: 158\nmodel name\t: Intel(R) Core(TM) i9-9880H CPU @ 2.30GHz\nstepping\t: 13\ncpu MHz\t\t: 2303.998\ncache size\t: 16384 KB\nphysical id\t: 0\nsiblings\t: 1\ncore id\t\t: 0\ncpu cores\t: 1\napicid\t\t: 0\ninitial apicid\t: 0\nfpu\t\t: yes\nfpu_exception\t: yes\ncpuid level\t: 22\nwp\t\t: yes\nflags\t\t: fpu vme de pse tsc msr pae mce cx8 apic sep mtrr pge mca cmov pat pse36 clflush mmx fxsr sse sse2 ht syscall nx rdtscp lm constant_tsc rep_good nopl xtopology nonstop_tsc cpuid tsc_known_freq pni pclmulqdq monitor ssse3 cx16 pcid sse4_1 sse4_2 x2apic movbe popcnt aes xsave avx rdrand hypervisor lahf_lm abm 3dnowprefetch invpcid_single pti fsgsbase avx2 invpcid rdseed clflushopt md_clear flush_l1d arch_capabilities\nbugs\t\t: cpu_meltdown spectre_v1 spectre_v2 spec_store_bypass l1tf mds swapgs itlb_multihit\nbogomips\t: 4607.99\nclflush size\t: 64\ncache_alignment\t: 64\naddress sizes\t: 39 bits physical, 48 bits virtual\npower management:\n\n", "meminfo": "MemTotal:        4030904 kB\nMemFree:          879768 kB\nMemAvailable:    1814572 kB\nBuffers:          160728 kB\nCached:           974220 kB\nSwapCached:         3096 kB\nActive:          1843644 kB\nInactive:         947532 kB\nActive(anon):    1166920 kB\nInactive(anon):   539260 kB\nActive(file):     676724 kB\nInactive(file):   408272 kB\nUnevictable:          16 kB\nMlocked:              16 kB\nSwapTotal:       1459804 kB\nSwapFree:        1378908 kB\nDirty:               564 kB\nWriteback:             0 kB\nAnonPages:       1654548 kB\nMapped:           299380 kB\nShmem:             49952 kB\nKReclaimable:     150832 kB\nSlab:             212424 kB\nSReclaimable:     150832 kB\nSUnreclaim:        61592 kB\nKernelStack:        9104 kB\nPageTables:        45832 kB\nNFS_Unstable:          0 kB\nBounce:                0 kB\nWritebackTmp:          0 kB\nCommitLimit:     3475256 kB\nCommitted_AS:    5579784 kB\nVmallocTotal:   34359738367 kB\nVmallocUsed:       43944 kB\nVmallocChunk:          0 kB\nPercpu:              760 kB\nHardwareCorrupted:     0 kB\nAnonHugePages:     40960 kB\nShmemHugePages:        0 kB\nShmemPmdMapped:        0 kB\nCmaTotal:              0 kB\nCmaFree:               0 kB\nHugePages_Total:       0\nHugePages_Free:        0\nHugePages_Rsvd:        0\nHugePages_Surp:        0\nHugepagesize:       2048 kB\nHugetlb:               0 kB\nDirectMap4k:      198592 kB\nDirectMap2M:     3995648 kB\n", "loadavg": "0.88 0.59 0.58 1/569 29802\n"}